{"edges_to_augment":[[[1,2],11.01389458],[[1,3],23.2615932],[[1,4],145.20222329],[[1,5],70.80757555],[[1,6],61.59070437],[[1,7],19.9833947],[[1,8],48.29668709],[[1,9],129.0756125],[[1,10],31.65761202],[[1,11],44.22270051],[[1,12],97.27725859],[[2,3],187.81209989],[[2,4],25.70590714],[[2,5],47.93973206],[[2,6],161.13322335],[[2,7],93.66466426],[[2,8],94.86428833],[[2,9],59.4072108],[[2,10],140.46268317],[[2,11],74.93991239],[[2,12],55.93932589],[[3,4],15.06239204],[[3,5],16.78653311],[[3,6],129.90493499],[[3,7],105.35162122],[[3,8],75.07749059],[[3,9],100.3753666],[[3,10],27.79151113],[[3,11],78.50517361],[[3,12],95.28914715],[[4,5],13.44839259],[[4,6],75.87996045],[[4,7],27.7493608],[[4,8],82.32194565],[[4,9],28.71119252],[[4,10],45.27697959],[[4,11],151.46898395],[[4,12],102.89798166],[[5,6],39.25416574],[[5,7],85.16109931],[[5,8],73.2461996],[[5,9],83.35885791],[[5,10],79.56378341],[[5,11],44.08795837],[[5,12],87.95362456],[[6,7],99.25975243],[[6,8],23.80807976],[[6,9],144.44902336],[[6,10],59.04783006],[[6,11],36.14301991],[[6,12],92.37371831],[[7,8],6.27333388],[[7,9],103.23298479],[[7,10],35.75265936],[[7,11],21.1218151],[[7,12],222.41538159],[[8,9],67.70176791],[[8,10],101.1799923],[[8,11],3.4738176],[[8,12],33.45609336],[[9,10],146.49261561],[[9,11],185.94254431],[[9,12],6.81710086],[[10,11],37.31230232],[[10,12],6.79408071],[[11,12],209.83645431]],"num_nodes":12,"edges_existing":[]}