{"edges_to_augment":[[[1,2],4.56101805],[[1,3],19.02028364],[[1,4],37.53743599],[[1,5],82.39332437],[[1,6],18.29507768],[[1,7],50.07282405],[[1,8],5.51084425],[[2,3],50.35825039],[[2,4],2.81932657],[[2,5],5.91635711],[[2,6],34.93306042],[[2,7],43.85544797],[[2,8],44.37748366],[[3,4],16.26814561],[[3,5],11.80628165],[[3,6],2.15941208],[[3,7],45.56841605],[[3,8],77.27118354],[[4,5],28.64202444],[[4,6],45.08330346],[[4,7],62.93179724],[[4,8],24.35216105],[[5,6],2.59047836],[[5,7],23.84042148],[[5,8],13.70444691],[[6,7],4.04093037],[[6,8],35.79139271],[[7,8],55.82976224]],
"num_nodes":8,
"edges_existing":[]}